John ,Greesham,10/01/2021,1,8,Micheal Greesham,johngreesham@gmail.com
Micheal,Scott,01/01/2021,2,24,Jane Scott,michealscott@gmail.com
Mirinda,Strom,07/01/2021,3,56,Jacinda Scott,mirinda.s@gmail.com
Deepthi,kira,22/11/2021,4,24,Nithin Kira,n.kira@gmail.com
Pranav,constantople,22/11/2021,5,8,Gaurav constantople,p.c@gmail.com
Steve,Carell,22/11/2021,6,35,James Carell,james.c@gmail.com
Anya,Forger,22/11/2021,7,8,James Forger,anya.f@gmail.com
Shamara,Khanna,22/11/2021,8,9,Shansi Khanna,khanna.s@gmail.com
Vimal,Nayak,23/11/2021,9,8,Kamal Nayak ,v.n@gmail.com
Arshia,Seth,23/11/2021,10,24,Manik Seth,zawarapoorva24@gmail.com
Yor ,Stevelstone,23/11/2021,11,78,Sarah Stevelstone,sarah.s@gmail.com
Meena,Malik,09/08/2022,12,60,kanna malik,meena.m@gmail.com
Bhavya,kandukuri,09/08/2022,13,250,Bhavana kandukuri,b.k@gmail.com
Pino,krons,09/08/2022,14,10,Mino Krons,piono.k@gmail.com
Namratha,diwan,11/08/2022,15,300,Chandrika diwan,namratha.d@gmail.com
Harry,Williams,11/08/2022,16,20,Charles Williams,charles.w@gmail.com
Chandrika,Mawar,11/08/2022,17,20,Aditya Mawar,chandrika.m@gmail.com
